cell	cell_type	UMAP1	UMAP2
AAAGATGGTCCGAAGA-1	immune cells_clone1	16.635555	14.148827
AACCATGTCTCGTATT-1	immune cells_clone1	2.922446	2.2291386
AACGTTGTCTCTTGAT-1	immune cells_clone1	10.806649	13.686811
AACTCAGAGCCTATGT-1	immune cells_clone1	3.9654052	6.91175
AAGACCTAGATGTAAC-1	immune cells_clone1	1.9552583	7.640881
AAGCCGCTCCTCAATT-1	immune cells_clone1	11.09186	13.871065
ACACCCTAGCGATAGC-1	immune cells_clone1	4.169563	5.180477
ACCCACTCAACGATGG-1	immune cells_clone1	1.5988013	5.9545417
ACCGTAATCAGATAAG-1	immune cells_clone1	0.7547911	3.7313309
ACGGAGAGTGGAAAGA-1	immune cells_clone1	-1.7740728	7.372653
ACTGCTCAGTGTACCT-1	immune cells_clone1	1.0154665	6.024919
ACTTTCAAGAACTCGG-1	immune cells_clone1	17.436161	14.5042515
ACTTTCATCCCAAGTA-1	immune cells_clone1	-0.76601756	5.129298
AGAGCGAAGCCCAGCT-1	immune cells_clone1	-1.5618886	5.2239637
AGATCTGAGGGATGGG-1	immune cells_clone1	11.536768	9.434352
AGCATACCATTTGCTT-1	immune cells_clone1	-0.18164879	6.900337
AGCTCCTTCTTCTGGC-1	immune cells_clone1	1.0741503	6.3228626
AGCTCTCAGTATCTCG-1	immune cells_clone1	1.4392791	4.585053
AGCTCTCGTGTAACGG-1	immune cells_clone1	3.0924032	6.53019
ATAGACCCATGTCCTC-1	immune cells_clone1	13.259031	10.828818
ATCATGGGTTCCAACA-1	immune cells_clone1	8.831439	8.491716
ATCCACCGTAAGTGGC-1	immune cells_clone1	10.370837	8.875897
ATCTGCCTCAAGGTAA-1	immune cells_clone1	-0.4020343	3.5495033
ATGCGATCAGAAGCAC-1	immune cells_clone1	17.373404	6.7879453
ATGTGTGGTACCGCTG-1	immune cells_clone1	0.16807973	5.0216537
ATTATCCGTCCAGTTA-1	immune cells_clone1	-0.17339675	5.7763133
CAACTAGGTAGCGTCC-1	immune cells_clone1	0.97357154	4.7925377
CAAGATCAGCTAAGAT-1	immune cells_clone1	-1.2627021	5.275981
CAAGATCGTGACGGTA-1	immune cells_clone1	4.38937	1.3352152
CAAGATCTCCAGTATG-1	immune cells_clone1	-0.13966654	2.9930778
CAAGATCTCTTAGCCC-1	immune cells_clone1	3.0980105	6.2965803
CACAGTAGTATCACCA-1	immune cells_clone1	14.275239	11.438634
CACATAGTCGAACTGT-1	immune cells_clone1	10.215992	8.5414095
CACCAGGCAAGTACCT-1	immune cells_clone1	0.66343373	7.097091
CACCTTGAGAGCTTCT-1	immune cells_clone1	4.0801826	2.6007743
CAGAATCGTATCACCA-1	immune cells_clone1	0.46275795	6.946836
CAGATCACAGTAAGAT-1	immune cells_clone1	11.314339	13.729209
CAGCATAGTCAAGCGA-1	immune cells_clone1	0.342732	5.933019
CAGTCCTGTCCAAGTT-1	immune cells_clone1	0.8639729	5.591741
CATATTCTCTCTGTCG-1	immune cells_clone1	9.759094	10.781064
CATCGGGAGATATGCA-1	immune cells_clone1	1.6413691	3.6717808
CATTCGCTCTATCCCG-1	immune cells_clone1	1.4510992	7.749138
CCGTGGAAGTTAAGTG-1	immune cells_clone1	9.42172	8.749461
CCGTGGACATCCGCGA-1	immune cells_clone1	1.0997435	2.9065046
CCTAAAGCATGAGCGA-1	immune cells_clone1	-1.5986423	5.6401463
CCTAAAGTCAGCAACT-1	immune cells_clone1	10.013591	12.040777
CGACCTTTCGGCGGTT-1	immune cells_clone1	4.290936	6.3845887
CGAGCACTCGGTCCGA-1	immune cells_clone1	2.2763588	5.5841894
CGAGCCATCTGGCGTG-1	immune cells_clone1	2.0045934	4.6930804
CGCGGTAGTGTGAATA-1	immune cells_clone1	2.0257988	5.0203156
CGGACTGAGATAGGAG-1	immune cells_clone1	15.561414	11.066628
CGGAGCTTCTCGGACG-1	immune cells_clone1	11.726888	11.053611
CGGAGTCAGGCTCATT-1	immune cells_clone1	3.1107535	2.3033013
CGGAGTCAGTGGGCTA-1	immune cells_clone1	13.629949	10.187202
CGTGTCTAGTCGTACT-1	immune cells_clone1	4.212546	5.5083294
CGTTCTGGTCATTAGC-1	immune cells_clone1	6.752153	0.5267247
CGTTCTGGTCTGATCA-1	immune cells_clone1	3.625632	1.4793085
CTAACTTAGACAGGCT-1	immune cells_clone1	11.802563	13.632919
CTCAGAACATGTCTCC-1	immune cells_clone1	15.370116	13.237838
CTCGAAAGTAGCTAAA-1	immune cells_clone1	15.991398	12.672573
CTCGGAGGTGGTAACG-1	immune cells_clone1	12.856393	10.5755415
CTCGGGATCTTAACCT-1	immune cells_clone1	17.822342	14.374946
CTCTACGCACTGCCAG-1	immune cells_clone1	10.203697	12.672469
CTGCTGTCACAGATTC-1	immune cells_clone1	11.4786	13.691586
CTGGTCTAGGTGCTAG-1	immune cells_clone1	11.790144	12.884471
CTGTTTAAGTACATGA-1	immune cells_clone1	0.88668287	1.3617312
CTTAACTTCTCTGTCG-1	immune cells_clone1	0.5802207	3.8958242
GAAACTCTCCCTCAGT-1	immune cells_clone1	11.059745	9.915278
GAACATCTCGAACTGT-1	immune cells_clone1	-1.2355107	6.4122486
GAATAAGTCGTTGACA-1	immune cells_clone1	14.329269	10.7744255
GACCTGGGTACTTCTT-1	immune cells_clone1	12.407869	12.739152
GACCTGGGTTGTGGCC-1	immune cells_clone1	1.1586008	4.219393
GACCTGGTCTGCGTAA-1	immune cells_clone1	-0.65071684	4.34094
GACGGCTGTCGAGTTT-1	immune cells_clone1	13.605991	10.435786
GACTACACAGTACACT-1	immune cells_clone1	9.29667	12.54489
GATGAAAAGTGTGAAT-1	immune cells_clone1	15.5984535	14.447731
GATGAGGCAGCCTTGG-1	immune cells_clone1	4.1206274	5.6460223
GATGCTAGTCTGATCA-1	immune cells_clone1	-0.11434423	7.7144794
GCATGATCAAAGGCGT-1	immune cells_clone1	2.5116444	2.507147
GCATGATCAAGAGGCT-1	immune cells_clone1	15.267257	10.880111
GCATGCGTCAAACAAG-1	immune cells_clone1	1.7188525	3.1845112
GCCTCTAGTCATCGGC-1	immune cells_clone1	4.8647547	1.0137154
GCGCAGTGTGCACGAA-1	immune cells_clone1	-1.2032168	7.1160197
GCGCCAACACCAGTTA-1	immune cells_clone1	14.444233	10.03749
GCGGGTTAGAGCTATA-1	immune cells_clone1	3.6456184	4.967789
GCTCCTATCGTATCAG-1	immune cells_clone1	0.34991705	2.8037577
GCTCTGTTCGTGACAT-1	immune cells_clone1	1.2038194	5.8568525
GCTTCCAGTGATAAGT-1	immune cells_clone1	11.50865	10.1061125
GGAACTTAGGGCATGT-1	immune cells_clone1	12.059089	13.808916
GGACATTAGGCGATAC-1	immune cells_clone1	3.5728674	0.9861301
GGACATTCATGTAGTC-1	immune cells_clone1	11.149471	9.184513
GGAGCAACAATCAGAA-1	immune cells_clone1	0.24076033	7.800853
GGAGCAAGTAGAGGAA-1	immune cells_clone1	1.7143985	6.717549
GGAGCAAGTAGCGTCC-1	immune cells_clone1	15.88832	13.453034
GGCGACTAGGCCCTTG-1	immune cells_clone1	3.01334	2.074018
GGCGACTCATCATCCC-1	immune cells_clone1	-0.007643605	5.937551
GGGAATGAGTACGACG-1	immune cells_clone1	14.308843	11.289265
GGGAATGAGTGACATA-1	immune cells_clone1	12.417216	13.015322
GGGACCTGTCATGCAT-1	immune cells_clone1	-1.4573667	6.51884
GGGATGACAATGGAAT-1	immune cells_clone1	-2.2719462	8.097433
GTACTCCGTAAACCTC-1	immune cells_clone1	1.3618197	3.5178096
GTATCTTGTTTGGCGC-1	immune cells_clone1	0.015201568	3.0805256
GTCACGGAGCTGAAAT-1	immune cells_clone1	-0.16743824	4.709837
GTCCTCAAGGCATGTG-1	immune cells_clone1	11.353492	14.206095
GTCGGGTCACTCAGGC-1	immune cells_clone1	12.108321	13.001658
GTCGGGTTCTTTAGGG-1	immune cells_clone1	17.400036	14.359101
GTCGTAAAGGGATCTG-1	immune cells_clone1	1.459328	4.332837
GTCGTAACAATCGGTT-1	immune cells_clone1	-0.018951366	5.6439295
GTCTCGTTCCTGCAGG-1	immune cells_clone1	0.58215094	3.1355174
GTCTTCGGTAGGGTAC-1	immune cells_clone1	0.82854015	5.646541
GTGAAGGTCTCTGCTG-1	immune cells_clone1	3.317754	4.5498414
GTGCGGTTCTAACTGG-1	immune cells_clone1	12.578237	9.689986
GTGCTTCGTTGTGGCC-1	immune cells_clone1	6.2208	0.74678266
GTGGGTCAGATATACG-1	immune cells_clone1	10.077655	12.29606
GTGGGTCCAAGCCATT-1	immune cells_clone1	16.481176	15.068506
GTTACAGGTATATCCG-1	immune cells_clone1	14.433685	9.5985565
GTTCATTAGAGCCCAA-1	immune cells_clone1	-0.46779943	5.0325155
GTTTCTATCTATGTGG-1	immune cells_clone1	1.9409353	4.0946856
TACGGTAGTAGCTTGT-1	immune cells_clone1	-1.2495123	5.344605
TACTCGCGTTCGCTAA-1	immune cells_clone1	-0.27542225	6.1671205
TACTTGTAGGGCATGT-1	immune cells_clone1	3.83454	-0.26301894
TAGAGCTCACATTTCT-1	immune cells_clone1	-1.1508958	7.653524
TCAATCTCACCGGAAA-1	immune cells_clone1	14.406679	9.731825
TCAGATGAGTGTTTGC-1	immune cells_clone1	0.20093496	5.1361995
TCAGCTCAGACATAAC-1	immune cells_clone1	-1.5368336	6.963226
TCATTACCAGTATCTG-1	immune cells_clone1	1.7295195	5.5972095
TCGAGGCAGGCCATAG-1	immune cells_clone1	-0.32244256	6.073595
TCGAGGCCAGATGGGT-1	immune cells_clone1	4.354231	6.313618
TCGAGGCTCGTGGACC-1	immune cells_clone1	16.376034	12.814145
TCGGGACAGCAACGGT-1	immune cells_clone1	2.198947	6.962355
TCGTACCGTCTCAACA-1	immune cells_clone1	12.584364	10.720241
TCTCTAAGTTAGGGTG-1	immune cells_clone1	3.4038844	-0.0432365
TCTGAGAAGCTGAACG-1	immune cells_clone1	10.575906	12.294896
TGACAACGTTAAGAAC-1	immune cells_clone1	2.6268582	5.8101273
TGAGCCGAGGAGTAGA-1	immune cells_clone1	2.5395308	5.3066645
TGCCCATTCCCTCTTT-1	immune cells_clone1	2.2312067	7.08284
TGCCCTACAGCCTATA-1	immune cells_clone1	5.070265	2.5115173
TGCGCAGGTTGACGTT-1	immune cells_clone1	2.1850986	1.3921956
TGCTACCAGCCGTCGT-1	immune cells_clone1	2.484522	6.691635
TGGCGCAGTAATCGTC-1	immune cells_clone1	-0.7278342	7.062676
TGGGAAGCAGGTCGTC-1	immune cells_clone1	1.7587656	7.630509
TGTATTCAGAGCTTCT-1	immune cells_clone1	4.1330104	6.7555766
TGTATTCAGAGTTGGC-1	immune cells_clone1	4.1282835	0.9048836
TGTCCCATCGGTCTAA-1	immune cells_clone1	1.2471747	6.5305586
TTCTACAAGACTAGAT-1	immune cells_clone1	16.402998	13.611378
TTGAACGCATAGAAAC-1	immune cells_clone1	13.808316	11.425417
TTGTAGGAGGTGGGTT-1	immune cells_clone1	-2.2063828	4.871892
TTTACTGTCACGGTTA-1	immune cells_clone1	3.9167833	1.7903271
TTTATGCAGCTCAACT-1	immune cells_clone1	10.261422	12.085951
TTTGCGCTCCGAACGC-1	immune cells_clone1	-1.5356821	5.3601065
AAAGTAGCACATGTGT-1	immune cells_clone2	10.0315695	11.10369
AAGCCGCTCTGTGCAA-1	immune cells_clone2	9.053578	12.274181
AAGGTTCAGACCCACC-1	immune cells_clone2	3.9882817	-0.57357854
ACACTGAGTCTTGATG-1	immune cells_clone2	12.032187	10.138448
ACCAGTATCCCACTTG-1	immune cells_clone2	15.6115885	14.447631
ACCCACTGTAAGTGTA-1	immune cells_clone2	17.102566	14.837921
ACCTTTAGTTATTCTC-1	immune cells_clone2	13.789345	9.987273
ACGATGTCAAAGAATC-1	immune cells_clone2	14.633172	11.292684
ACGATGTCAATCGGTT-1	immune cells_clone2	0.038230866	4.9910855
ACGCCGAAGGGCACTA-1	immune cells_clone2	-1.5977567	5.4212894
ACGGGCTTCAAGCCTA-1	immune cells_clone2	0.924398	1.7936149
ACTTACTAGTATGACA-1	immune cells_clone2	-1.9148302	8.48206
AGAATAGGTATGAATG-1	immune cells_clone2	10.672136	10.722852
AGAGCGAAGTATGACA-1	immune cells_clone2	3.5675054	3.1907108
AGAGTGGTCAGCTTAG-1	immune cells_clone2	15.9213295	13.5122595
AGCGTATAGCCGCCTA-1	immune cells_clone2	-1.6067275	6.229263
AGCTCTCCAGCCTATA-1	immune cells_clone2	-0.98463637	7.668543
AGCTTGAAGAGCCCAA-1	immune cells_clone2	3.3278513	6.2315264
AGGCCACAGACAAGCC-1	immune cells_clone2	-0.61010015	4.988771
AGGTCATCACAAGCCC-1	immune cells_clone2	10.236966	10.316864
AGGTCATGTCTGATTG-1	immune cells_clone2	-1.2225132	5.9974823
AGGTCCGGTATATCCG-1	immune cells_clone2	15.633137	10.957505
AGTGAGGAGTGGTAGC-1	immune cells_clone2	14.822021	11.352928
ATAAGAGAGAACAATC-1	immune cells_clone2	3.7830355	5.513289
ATCACGATCTGGCGTG-1	immune cells_clone2	1.8073841	6.9875073
ATCATCTAGACTTGAA-1	immune cells_clone2	11.052899	11.224466
ATCGAGTCATCGACGC-1	immune cells_clone2	-0.40341565	3.3973548
ATCGAGTGTCATATGC-1	immune cells_clone2	-1.9116049	8.27581
ATCTGCCCATTAACCG-1	immune cells_clone2	3.3435478	7.071114
ATGAGGGAGCTACCGC-1	immune cells_clone2	4.055576	4.534241
ATGAGGGCACCACCAG-1	immune cells_clone2	-1.2940426	5.330927
ATTATCCTCCTAGTGA-1	immune cells_clone2	10.813162	14.346539
ATTGGTGAGCCCTAAT-1	immune cells_clone2	-0.5184765	6.4006724
CACAAACAGACAATAC-1	immune cells_clone2	-1.2494689	7.222326
CACATTTAGTAGTGCG-1	immune cells_clone2	12.222237	14.166785
CACCACTCAGGCAGTA-1	immune cells_clone2	2.0085435	2.0327256
CACCTTGGTTCATGGT-1	immune cells_clone2	4.1219616	4.596447
CAGCAGCGTCCCTTGT-1	immune cells_clone2	12.83143	10.296082
CAGCGACAGTGTCCCG-1	immune cells_clone2	11.9986725	12.199577
CAGTAACAGGCAAAGA-1	immune cells_clone2	16.209408	14.947384
CAGTCCTTCCAAGTAC-1	immune cells_clone2	14.958412	13.219344
CATGCCTCAGGCTCAC-1	immune cells_clone2	9.280018	12.419927
CATGGCGCAGCTGCTG-1	immune cells_clone2	-0.7540648	5.448032
CCACCTATCGATCCCT-1	immune cells_clone2	16.07902	14.894697
CCGTGGAGTATAAACG-1	immune cells_clone2	16.328722	14.801184
CCTAAAGAGTGGACGT-1	immune cells_clone2	3.7316816	2.8313828
CCTAAAGTCTAACCGA-1	immune cells_clone2	-0.6977703	4.254061
CCTAGCTAGAAACGAG-1	immune cells_clone2	9.7915	12.571149
CCTAGCTTCACTATTC-1	immune cells_clone2	11.107186	9.436123
CCTTACGTCTTCATGT-1	immune cells_clone2	18.184072	14.237946
CCTTCCCCACGGATAG-1	immune cells_clone2	14.2016	10.051317
CGATCGGTCCGCGTTT-1	immune cells_clone2	11.536169	11.028887
CGATGGCGTTCAGACT-1	immune cells_clone2	14.140911	8.3926525
CGATGGCTCATGCTCC-1	immune cells_clone2	15.562368	10.211124
CGATGTAGTAATAGCA-1	immune cells_clone2	-1.7872643	4.3266287
CGCCAAGCAGGGATTG-1	immune cells_clone2	10.073618	10.216543
CGCGGTACAAAGTGCG-1	immune cells_clone2	9.52736	8.990027
CGGACTGCAAAGGAAG-1	immune cells_clone2	14.553641	9.907263
CGGTTAATCTAGAGTC-1	immune cells_clone2	15.814135	10.827014
CGTCCATTCGAATGCT-1	immune cells_clone2	2.7645864	5.471758
CGTGAGCTCCATGAGT-1	immune cells_clone2	17.877426	7.054353
CGTTGGGTCAAAGACA-1	immune cells_clone2	8.515814	12.518932
CTAAGACTCCAAATGC-1	immune cells_clone2	14.730358	12.456076
CTAATGGGTTCGGGCT-1	immune cells_clone2	2.9101868	5.776505
CTACCCATCATATCGG-1	immune cells_clone2	11.498805	14.163486
CTAGCCTAGACGCAAC-1	immune cells_clone2	11.887617	12.658351
CTCACACAGCTAGTCT-1	immune cells_clone2	11.02639	9.940771
CTCATTATCAGGCGAA-1	immune cells_clone2	16.959702	14.136602
CTCCTAGTCGAGAACG-1	immune cells_clone2	1.6414666	7.0466614
CTCGAGGCACCATCCT-1	immune cells_clone2	-1.7310457	5.902665
CTCTAATTCACAGTAC-1	immune cells_clone2	9.961209	10.971992
CTGATCCAGCAGGTCA-1	immune cells_clone2	0.76968646	4.687034
CTTACCGAGGCTACGA-1	immune cells_clone2	10.466909	13.07741
CTTTGCGGTACTCTCC-1	immune cells_clone2	3.5945616	3.2143376
GAAACTCCACATCCGG-1	immune cells_clone2	9.842957	12.659554
GAAACTCGTGGTGTAG-1	immune cells_clone2	9.71812	12.289871
GAATAAGTCATTATCC-1	immune cells_clone2	-1.4499987	7.1339226
GAATGAAGTGCACGAA-1	immune cells_clone2	14.596446	10.785125
GACACGCAGACGCAAC-1	immune cells_clone2	17.151035	13.76534
GACAGAGAGGAGTTTA-1	immune cells_clone2	-1.2881179	5.667403
GACCAATAGCTGATAA-1	immune cells_clone2	0.66091865	7.8273273
GACGTGCAGAGGGCTT-1	immune cells_clone2	-0.8418391	6.1820006
GACGTTAGTAGCCTCG-1	immune cells_clone2	15.651014	9.344412
GACTAACGTTGCCTCT-1	immune cells_clone2	1.871157	4.9128346
GAGGTGAAGCCAGGAT-1	immune cells_clone2	12.617496	13.786909
GAGGTGACAGTCAGAG-1	immune cells_clone2	-0.8119171	6.0137625
GATCAGTCATGTCCTC-1	immune cells_clone2	1.7174406	6.7225504
GATCGATGTCTAGTCA-1	immune cells_clone2	16.3926	14.861917
GATTCAGAGCCAACAG-1	immune cells_clone2	10.171685	10.113253
GCACTCTGTTCAGCGC-1	immune cells_clone2	16.403809	12.940119
GCAGCCAGTGACTCAT-1	immune cells_clone2	14.569842	10.843621
GCATACAAGCGATGAC-1	immune cells_clone2	10.5939865	11.794735
GCATGATGTAATTGGA-1	immune cells_clone2	0.40566933	7.9790554
GCATGCGTCAGTTGAC-1	immune cells_clone2	14.958246	11.020836
GCGCCAAAGATATGCA-1	immune cells_clone2	0.13968088	3.4808912
GCGCCAAAGCTAGTGG-1	immune cells_clone2	-1.5504792	5.3836193
GCTCTGTGTCGGCTCA-1	immune cells_clone2	3.4921634	0.92039895
GCTGCTTCAAGAAGAG-1	immune cells_clone2	3.8299448	5.146388
GCTTGAACACTTAACG-1	immune cells_clone2	15.96947	13.116029
GGACAAGGTTCGTCTC-1	immune cells_clone2	4.215971	4.5976057
GGACAGAGTGGCCCTA-1	immune cells_clone2	0.3337991	4.220666
GGACATTTCTGCCCTA-1	immune cells_clone2	10.37836	10.818324
GGAGCAATCGAACTGT-1	immune cells_clone2	-0.09566845	5.8557167
GGCGACTCACGTAAGG-1	immune cells_clone2	12.340599	10.150511
GGCGACTGTTGGAGGT-1	immune cells_clone2	2.4534733	5.3578115
GGGACCTCAGCCTTGG-1	immune cells_clone2	16.27979	12.235004
GGGACCTTCTGTCCGT-1	immune cells_clone2	2.4669108	2.8319085
GGGAGATAGCATGGCA-1	immune cells_clone2	10.07406	12.0401745
GGGAGATGTGTTGGGA-1	immune cells_clone2	3.5803888	2.531579
GGGTTGCCACTTAACG-1	immune cells_clone2	11.196043	11.4446
GGTGCGTCATAACCTG-1	immune cells_clone2	2.796587	2.8513117
GGTGTTATCCAGTAGT-1	immune cells_clone2	4.857369	2.2788506
GGTGTTATCTGCTGCT-1	immune cells_clone2	0.30779973	6.782014
GTACTCCTCCAAAGTC-1	immune cells_clone2	7.1427474	0.37583742
GTACTCCTCTCTTATG-1	immune cells_clone2	3.85026	5.4000144
GTAGTCAAGATCTGAA-1	immune cells_clone2	-0.2787984	5.3245482
GTAGTCATCTCATTCA-1	immune cells_clone2	-2.2594187	6.6877947
GTCGGGTAGCGAAGGG-1	immune cells_clone2	11.028955	12.027708
GTGCATATCGCATGGC-1	immune cells_clone2	12.391266	12.769693
GTGGGTCTCACGCGGT-1	immune cells_clone2	16.034998	12.914127
TAAACCGGTATAGGTA-1	immune cells_clone2	11.600974	10.096789
TACACGATCGCAGGCT-1	immune cells_clone2	0.8819377	5.9265933
TAGACCATCAACCATG-1	immune cells_clone2	1.793211	2.4518538
TAGGCATTCTACTTAC-1	immune cells_clone2	17.43915	13.435171
TCACGAACACGTTGGC-1	immune cells_clone2	1.3579501	7.0816016
TCATTTGGTCAGTGGA-1	immune cells_clone2	10.4915495	10.341311
TCGCGAGGTTATCGGT-1	immune cells_clone2	10.862626	13.854666
TCTGAGACAGCAGTTT-1	immune cells_clone2	7.242107	0.37510464
TGAAAGAAGGGAAACA-1	immune cells_clone2	11.305051	8.863103
TGACAACAGTACGACG-1	immune cells_clone2	11.690877	13.178285
TGAGCCGGTATGCTTG-1	immune cells_clone2	4.1981406	5.678746
TGCCCATTCCGTAGTA-1	immune cells_clone2	1.4886838	5.421447
TGCCCATTCGGCGCAT-1	immune cells_clone2	15.196441	11.099819
TGCGGGTTCGTTTGCC-1	immune cells_clone2	-0.09874684	2.4555783
TGCGTGGTCACATGCA-1	immune cells_clone2	1.5854301	7.5882187
TGCTACCAGTGGGCTA-1	immune cells_clone2	-0.95484626	6.5666537
TGGACGCAGCCATCGC-1	immune cells_clone2	11.261201	11.615181
TGGACGCCATGCCACG-1	immune cells_clone2	9.993811	11.163304
TGGGAAGCATGCAACT-1	immune cells_clone2	17.334219	14.464271
TGGTTCCAGATGCCAG-1	immune cells_clone2	3.8724663	2.4989831
TGTCCCACAACTGCGC-1	immune cells_clone2	8.944021	12.643754
TGTTCCGCACAGCCCA-1	immune cells_clone2	-2.4295743	5.92565
TGTTCCGTCCCAAGTA-1	immune cells_clone2	3.237389	2.3472295
TTAACTCCAAGGACTG-1	immune cells_clone2	0.22549558	3.5627177
TTATGCTAGGGAACGG-1	immune cells_clone2	11.242531	13.630141
TTGCGTCCAAACCTAC-1	immune cells_clone2	2.0426054	3.6358194
TTGGAACGTTACAGAA-1	immune cells_clone2	15.962927	13.939342
TTTGGTTAGGTAAACT-1	immune cells_clone2	4.8286304	1.4626011
TTTGGTTTCGGCCGAT-1	immune cells_clone2	15.999061	15.03398
TTTGTCAAGATCTGCT-1	immune cells_clone2	0.8078782	6.06889
AACTCCCTCTCTAGGA-1	stem, cancer cell_clone1	19.136152	2.3971455
AAGGTTCGTGACTCAT-1	stem, cancer cell_clone1	16.210247	-0.84277135
ACACCAACACTGTTAG-1	stem, cancer cell_clone1	19.158182	3.7267268
ACATCAGTCTACTATC-1	stem, cancer cell_clone1	18.729794	6.9618096
ACCAGTAGTAAAGGAG-1	stem, cancer cell_clone1	16.120667	3.856851
ACCTTTAGTGCAACGA-1	stem, cancer cell_clone1	17.104872	4.66816
ACGAGGACACAAGTAA-1	stem, cancer cell_clone1	17.975142	5.3771663
ACGATACGTCGACTAT-1	stem, cancer cell_clone1	16.72555	1.4858958
ACGATGTGTGCCTGGT-1	stem, cancer cell_clone1	17.181078	1.1907637
ACGGGTCTCACTTACT-1	stem, cancer cell_clone1	19.442015	2.1401763
ACTTGTTTCCGTTGCT-1	stem, cancer cell_clone1	19.762064	2.2408807
ACTTTCACAAAGGTGC-1	stem, cancer cell_clone1	15.163875	5.0507736
AGATCTGCAAAGGTGC-1	stem, cancer cell_clone1	14.298347	2.3710246
AGCGGTCAGGCCCTTG-1	stem, cancer cell_clone1	14.970254	6.57381
AGCTTGATCAACGCTA-1	stem, cancer cell_clone1	18.056377	5.169596
AGGTCATTCCCAACGG-1	stem, cancer cell_clone1	17.068172	5.93149
AGTCTTTCATACAGCT-1	stem, cancer cell_clone1	16.92015	-2.504597
AGTGGGACAGGGTTAG-1	stem, cancer cell_clone1	19.055958	6.037578
AGTTGGTTCCTTTCGG-1	stem, cancer cell_clone1	17.436981	-0.33164796
ATCACGAGTGAAGGCT-1	stem, cancer cell_clone1	17.641766	1.9872979
ATCCACCAGGAATCGC-1	stem, cancer cell_clone1	16.358109	3.9495173
ATCTGCCAGTCTCCTC-1	stem, cancer cell_clone1	17.831377	3.6829097
ATGTGTGGTCGCTTTC-1	stem, cancer cell_clone1	15.9011345	1.8916763
ATGTGTGTCGCAGGCT-1	stem, cancer cell_clone1	19.236523	5.861789
ATTGGACGTCTAGTCA-1	stem, cancer cell_clone1	15.004998	1.7134279
CAAGGCCCAAGTCTAC-1	stem, cancer cell_clone1	19.236794	1.8336606
CAAGGCCGTCTAAAGA-1	stem, cancer cell_clone1	16.84163	2.4922147
CACACAACAATCCGAT-1	stem, cancer cell_clone1	18.9362	3.4156008
CACACAACAGCCTTTC-1	stem, cancer cell_clone1	16.957441	0.9712637
CACATAGCAGTTCATG-1	stem, cancer cell_clone1	15.344075	-1.5352031
CACCTTGTCACGACTA-1	stem, cancer cell_clone1	16.522291	4.479132
CACTCCAGTCACCTAA-1	stem, cancer cell_clone1	18.922235	-0.837848
CAGCCGACATTGGGCC-1	stem, cancer cell_clone1	19.996675	0.4865174
CAGCGACTCTTGTTTG-1	stem, cancer cell_clone1	15.509744	0.4637053
CATCAGATCACTCTTA-1	stem, cancer cell_clone1	18.871986	6.088427
CATCCACCAAGGTTCT-1	stem, cancer cell_clone1	19.062119	3.177295
CCACGGAGTAGCACGA-1	stem, cancer cell_clone1	16.040089	-0.9643251
CCATTCGCACGGATAG-1	stem, cancer cell_clone1	16.752047	-0.66307867
CCGGTAGCACTAGTAC-1	stem, cancer cell_clone1	18.46425	-1.9700971
CCTACCAAGCGTCTAT-1	stem, cancer cell_clone1	17.774529	-1.1249199
CCTCTGAGTACCGAGA-1	stem, cancer cell_clone1	18.768017	-0.52325773
CCTTCGAAGAAGGGTA-1	stem, cancer cell_clone1	19.025942	3.303748
CGAGCACAGGAGCGAG-1	stem, cancer cell_clone1	15.99786	-0.04189977
CGATGTATCGGCGGTT-1	stem, cancer cell_clone1	16.012125	2.4086916
CGCCAAGGTGTGAATA-1	stem, cancer cell_clone1	15.489128	2.8857305
CGCGTTTAGGCAGGTT-1	stem, cancer cell_clone1	17.185442	5.2888613
CGGAGTCTCGTCTGCT-1	stem, cancer cell_clone1	15.985283	6.114481
CGGCTAGGTTATCACG-1	stem, cancer cell_clone1	16.79281	-0.103185065
CGTAGCGAGTCCTCCT-1	stem, cancer cell_clone1	18.821785	0.6738187
CGTCACTCAAGTACCT-1	stem, cancer cell_clone1	17.142916	6.871093
CGTCACTTCGTTGCCT-1	stem, cancer cell_clone1	15.183565	0.12874573
CGTCAGGCAGCCAATT-1	stem, cancer cell_clone1	19.137133	0.5488961
CGTTAGATCAATACCG-1	stem, cancer cell_clone1	17.230383	6.973514
CTAACTTGTTCCCTTG-1	stem, cancer cell_clone1	15.453541	-2.2222188
CTACATTCATGTAGTC-1	stem, cancer cell_clone1	16.029797	2.8635714
CTACGTCCAAGCGATG-1	stem, cancer cell_clone1	18.57463	1.7078313
CTAGCCTCAATTGCTG-1	stem, cancer cell_clone1	15.836552	1.9063518
CTCAGAACATTAGCCA-1	stem, cancer cell_clone1	15.000815	0.5706925
CTCGGAGCATCACGAT-1	stem, cancer cell_clone1	18.92595	-0.25908926
CTGATCCTCCTATTCA-1	stem, cancer cell_clone1	16.05341	2.0874836
CTGCGGAGTAAGTGTA-1	stem, cancer cell_clone1	18.50193	3.7273214
CTGCTGTGTCCGAACC-1	stem, cancer cell_clone1	17.535776	-0.43803233
CTGTGCTCACATAACC-1	stem, cancer cell_clone1	19.05848	3.6318324
CTGTTTATCAGCAACT-1	stem, cancer cell_clone1	18.223131	2.391125
CTTGGCTAGATATACG-1	stem, cancer cell_clone1	19.318258	5.623017
GAACCTACATCCGGGT-1	stem, cancer cell_clone1	20.15051	1.2368208
GAAGCAGCAATCAGAA-1	stem, cancer cell_clone1	16.523077	6.6123776
GAATGAATCAGAGACG-1	stem, cancer cell_clone1	18.296284	3.3105037
GACCTGGCATGATCCA-1	stem, cancer cell_clone1	16.535046	4.97276
GATCGATTCTCTAGGA-1	stem, cancer cell_clone1	18.08858	5.214066
GATCGCGGTAGCCTCG-1	stem, cancer cell_clone1	17.796827	-0.92937595
GATGAAATCTCTAAGG-1	stem, cancer cell_clone1	16.979588	-1.2739637
GCAGTTAGTAGCCTCG-1	stem, cancer cell_clone1	16.870863	0.1853252
GCGACCAAGTGGCACA-1	stem, cancer cell_clone1	19.96332	3.5765383
GCTGCAGAGTCATGCT-1	stem, cancer cell_clone1	16.247467	-0.74590594
GCTGCTTGTCAAACTC-1	stem, cancer cell_clone1	19.86395	3.3207693
GGAAAGCAGCTGGAAC-1	stem, cancer cell_clone1	16.759336	4.730733
GGAACTTAGCTCCTTC-1	stem, cancer cell_clone1	16.693289	1.8406559
GGAATAACAAGCTGAG-1	stem, cancer cell_clone1	18.09547	-1.6564507
GGACAAGTCGTTACGA-1	stem, cancer cell_clone1	18.354486	-0.7735155
GGACAGATCCAGATCA-1	stem, cancer cell_clone1	19.18282	3.2557619
GGACATTCACTAGTAC-1	stem, cancer cell_clone1	17.600302	0.71476084
GGACATTTCGCTGATA-1	stem, cancer cell_clone1	17.513155	4.883593
GGATTACTCTTCAACT-1	stem, cancer cell_clone1	17.651981	4.9934587
GGCGTGTCAGTTCATG-1	stem, cancer cell_clone1	18.602873	-1.003376
GGGATGAAGACGCACA-1	stem, cancer cell_clone1	18.636572	4.441706
GGGATGATCGCGTTTC-1	stem, cancer cell_clone1	15.747066	-0.34512776
GGGTCTGCAGTAACGG-1	stem, cancer cell_clone1	15.827216	3.7629495
GGTGTTAAGACGCACA-1	stem, cancer cell_clone1	14.42401	1.8906217
GGTGTTATCCTCAATT-1	stem, cancer cell_clone1	18.947105	3.474718
GTAACGTCAGCTGGCT-1	stem, cancer cell_clone1	16.808044	1.2193296
GTATCTTGTCTTGCGG-1	stem, cancer cell_clone1	19.409605	-0.81700444
GTCACAACATTAGGCT-1	stem, cancer cell_clone1	17.535389	4.481971
GTGCATAAGGCTAGAC-1	stem, cancer cell_clone1	16.092546	0.8987584
GTGCGGTGTCGACTGC-1	stem, cancer cell_clone1	19.08575	-0.97784346
GTTACAGAGCCACCTG-1	stem, cancer cell_clone1	19.261896	4.38259
GTTCATTCACAACTGT-1	stem, cancer cell_clone1	20.176542	1.4540311
GTTTCTACAAAGCAAT-1	stem, cancer cell_clone1	15.99409	0.11817199
TAAACCGTCGGCCGAT-1	stem, cancer cell_clone1	14.1597185	1.7679156
TACAGTGAGTGGACGT-1	stem, cancer cell_clone1	15.749538	5.0269604
TACAGTGGTGAGGGAG-1	stem, cancer cell_clone1	19.425238	-1.1669434
TACGGATAGGATTCGG-1	stem, cancer cell_clone1	14.751283	3.0069928
TACGGATGTCCTCCAT-1	stem, cancer cell_clone1	17.702507	3.3120136
TACGGTACAAGGGTCA-1	stem, cancer cell_clone1	18.945004	5.7320642
TACTTGTTCAAGGCTT-1	stem, cancer cell_clone1	16.309671	3.6111052
TAGACCATCACGGTTA-1	stem, cancer cell_clone1	15.931743	6.520326
TAGAGCTTCCGTAGTA-1	stem, cancer cell_clone1	17.741703	1.7634568
TAGTGGTCAATAAGCA-1	stem, cancer cell_clone1	18.454947	1.2011607
TAGTGGTGTATAATGG-1	stem, cancer cell_clone1	15.649229	3.3023508
TATCAGGAGACGCAAC-1	stem, cancer cell_clone1	17.880592	6.501722
TATCAGGCATTGAGCT-1	stem, cancer cell_clone1	17.582077	1.8424056
TCAGCAAGTATGAATG-1	stem, cancer cell_clone1	20.17613	2.664667
TCAGCAATCGATGAGG-1	stem, cancer cell_clone1	19.965673	4.389027
TCAGGATTCACTGGGC-1	stem, cancer cell_clone1	16.51284	2.3145652
TCCCGATCATGTTGAC-1	stem, cancer cell_clone1	16.055225	4.591882
TCGAGGCGTCGAGTTT-1	stem, cancer cell_clone1	15.996214	-0.6916467
TCGGGACTCCGCAAGC-1	stem, cancer cell_clone1	17.763811	0.1531472
TCGGTAACAGTCGTGC-1	stem, cancer cell_clone1	16.114088	-0.2532471
TCGTACCCACATTTCT-1	stem, cancer cell_clone1	20.028004	2.9457061
TCTGAGAGTACAGACG-1	stem, cancer cell_clone1	15.175604	1.2759622
TCTTCGGAGGGAGTAA-1	stem, cancer cell_clone1	19.015623	-0.34107235
TCTTCGGCATGAACCT-1	stem, cancer cell_clone1	14.685972	1.6624854
TGACAACTCACATAGC-1	stem, cancer cell_clone1	19.676857	-0.31420013
TGACGGCGTTACGGAG-1	stem, cancer cell_clone1	16.692059	3.1926754
TGAGAGGCAAGACGTG-1	stem, cancer cell_clone1	18.140762	1.8455045
TGAGCATCACGCCAGT-1	stem, cancer cell_clone1	18.955608	2.8215444
TGCCAAACACGTTGGC-1	stem, cancer cell_clone1	18.715792	2.1626925
TGCCCATTCCGAAGAG-1	stem, cancer cell_clone1	16.173683	-1.2912226
TGCGCAGGTCAGTGGA-1	stem, cancer cell_clone1	15.993566	0.6153251
TGCGTGGTCAGCTCGG-1	stem, cancer cell_clone1	16.986626	0.66498727
TGCTACCAGCACAGGT-1	stem, cancer cell_clone1	15.356148	5.3143225
TGGCCAGTCAGTTGAC-1	stem, cancer cell_clone1	15.894064	1.2523805
TGGCGCAGTAGCGATG-1	stem, cancer cell_clone1	15.89435	2.915448
TGGTTCCAGTTAGGTA-1	stem, cancer cell_clone1	18.174204	6.073714
TGTTCCGCATCCGGGT-1	stem, cancer cell_clone1	17.170958	0.16361292
TTAACTCCAGTAAGCG-1	stem, cancer cell_clone1	18.80622	5.0655303
TTAGGACAGCTAGGCA-1	stem, cancer cell_clone1	14.27817	-0.70865554
TTAGGACCACAACGCC-1	stem, cancer cell_clone1	19.956238	1.4797424
TTAGGACCATGAACCT-1	stem, cancer cell_clone1	16.653069	3.8722942
TTAGTTCGTGGTACAG-1	stem, cancer cell_clone1	18.771458	6.8868756
TTCTACACAAATTGCC-1	stem, cancer cell_clone1	14.947391	6.2933636
TTCTCCTTCTAGAGTC-1	stem, cancer cell_clone1	16.924772	4.429776
TTCTTAGAGGCTCATT-1	stem, cancer cell_clone1	16.64148	3.664585
TTCTTAGCACGGCGTT-1	stem, cancer cell_clone1	18.022955	2.8930817
TTGAACGAGATGCCTT-1	stem, cancer cell_clone1	16.053637	3.0502934
TTGCCGTGTCGGGTCT-1	stem, cancer cell_clone1	18.960974	-1.2806633
TTGCCGTGTTATTCTC-1	stem, cancer cell_clone1	15.208233	6.8019605
TTGGAACAGCTTATCG-1	stem, cancer cell_clone1	19.519419	0.2349042
TTTGGTTCATGCCTTC-1	stem, cancer cell_clone1	17.67247	-0.4766523
TTTGTCAAGCAGCGTA-1	stem, cancer cell_clone1	17.1987	-0.7916984
AAACCTGTCACGCATA-1	stem, cancer cell_clone2	16.434483	2.0399697
AAAGATGAGTGGTCCC-1	stem, cancer cell_clone2	16.33916	-1.5799097
AACACGTCACGGCCAT-1	stem, cancer cell_clone2	15.967757	0.54012936
AACCATGGTCATTAGC-1	stem, cancer cell_clone2	16.331259	-1.5207286
AACCGCGCACTGCCAG-1	stem, cancer cell_clone2	18.842514	2.6337276
AACTCAGGTTCAGCGC-1	stem, cancer cell_clone2	18.250353	5.9559016
AAGCCGCGTTCTGTTT-1	stem, cancer cell_clone2	17.52343	-0.4500262
AATCCAGTCTCCAACC-1	stem, cancer cell_clone2	18.541765	6.9698005
ACAGCCGGTCTCCCTA-1	stem, cancer cell_clone2	18.546186	2.781259
ACAGCCGTCAACACAC-1	stem, cancer cell_clone2	16.606539	0.011173504
ACAGCTACAGATCTGT-1	stem, cancer cell_clone2	17.681063	3.134502
ACCAGTAGTGTGTGCC-1	stem, cancer cell_clone2	17.800266	1.1561519
ACCCACTCAGTTTACG-1	stem, cancer cell_clone2	16.47169	4.030316
ACGATACTCTCTTATG-1	stem, cancer cell_clone2	14.130415	1.4157482
ACGATGTCAAGACGTG-1	stem, cancer cell_clone2	16.641926	-1.8837556
ACGATGTGTCTTCGTC-1	stem, cancer cell_clone2	18.655058	1.2555645
ACGATGTTCACCTCGT-1	stem, cancer cell_clone2	15.818746	6.7558103
ACTGAACTCAAAGACA-1	stem, cancer cell_clone2	16.984253	0.8834267
ACTGAGTGTTCTCATT-1	stem, cancer cell_clone2	17.695557	-0.021502554
ACTGCTCAGGATGGAA-1	stem, cancer cell_clone2	18.344913	0.5695221
ACTGCTCCATGGTCTA-1	stem, cancer cell_clone2	18.861593	2.4810922
ACTTTCATCGATCCCT-1	stem, cancer cell_clone2	19.251513	6.01916
AGAGCGAGTGTTGGGA-1	stem, cancer cell_clone2	15.837296	-1.1890497
AGAGCTTAGAAGGGTA-1	stem, cancer cell_clone2	16.024979	4.1889524
AGAGCTTCAAACAACA-1	stem, cancer cell_clone2	18.874489	5.7218633
AGAGTGGCAGTATCTG-1	stem, cancer cell_clone2	14.738166	-0.49310046
AGATCTGCAGACGCCT-1	stem, cancer cell_clone2	18.895056	-0.62223506
AGCGTCGGTCTTGATG-1	stem, cancer cell_clone2	16.210855	-0.21522245
AGCTCCTTCCAATGGT-1	stem, cancer cell_clone2	17.889408	-0.11678164
AGCTCTCTCGTTGCCT-1	stem, cancer cell_clone2	18.248875	2.1752326
AGGGTGATCCCGGATG-1	stem, cancer cell_clone2	17.504051	1.0139214
ATAAGAGGTCAAAGCG-1	stem, cancer cell_clone2	18.132277	6.6978407
ATCACGACAATACGCT-1	stem, cancer cell_clone2	18.752964	3.381823
ATCACGACAGACAAGC-1	stem, cancer cell_clone2	20.03291	5.427393
ATCATCTTCCGCGTTT-1	stem, cancer cell_clone2	18.39487	1.9546475
ATCATGGTCCTTTACA-1	stem, cancer cell_clone2	19.528112	4.5702233
ATGGGAGAGATATACG-1	stem, cancer cell_clone2	18.233337	0.8925349
ATGGGAGTCTGAGTGT-1	stem, cancer cell_clone2	17.251312	-0.28962165
ATTGGTGGTCTCTCGT-1	stem, cancer cell_clone2	18.31972	2.3680325
CAACCAACACAGCGTC-1	stem, cancer cell_clone2	16.293335	-1.6732615
CAACCTCTCTGCCCTA-1	stem, cancer cell_clone2	16.708826	0.57609314
CAAGGCCCAAGAGGCT-1	stem, cancer cell_clone2	16.19923	1.7765657
CACACTCGTATAGGTA-1	stem, cancer cell_clone2	17.838217	-2.1788924
CACATAGGTGGCTCCA-1	stem, cancer cell_clone2	19.744444	3.6066432
CACATTTCAATCCAAC-1	stem, cancer cell_clone2	19.989697	0.38177142
CACCAGGGTATCAGTC-1	stem, cancer cell_clone2	15.473521	1.5827743
CACCTTGAGTCCATAC-1	stem, cancer cell_clone2	19.698847	3.9932172
CAGCGACCAGTTCATG-1	stem, cancer cell_clone2	18.653791	3.0297885
CAGCTAAGTGTTTGGT-1	stem, cancer cell_clone2	16.565725	5.397574
CATATTCCAGCTGTTA-1	stem, cancer cell_clone2	18.438335	1.501504
CATATTCTCCCATTAT-1	stem, cancer cell_clone2	17.37244	-0.7602922
CATGCCTTCTCAAGTG-1	stem, cancer cell_clone2	18.257195	-0.18742329
CCAATCCAGATTACCC-1	stem, cancer cell_clone2	15.096087	0.99351794
CCACCTATCCTGCCAT-1	stem, cancer cell_clone2	18.029375	2.5568588
CCATTCGCACGTGAGA-1	stem, cancer cell_clone2	16.01713	1.6373014
CCCTCCTCAAGAGTCG-1	stem, cancer cell_clone2	15.982976	1.538274
CCGGTAGCATTACCTT-1	stem, cancer cell_clone2	15.818762	4.287921
CCTAGCTCAACGCACC-1	stem, cancer cell_clone2	14.513001	-1.1838999
CCTCAGTCAGCTCGCA-1	stem, cancer cell_clone2	17.658545	3.582321
CCTTCCCAGCTACCGC-1	stem, cancer cell_clone2	17.328022	-0.08999662
CCTTCCCCAAGCCCAC-1	stem, cancer cell_clone2	19.41375	-0.06534466
CCTTTCTTCTGGCGTG-1	stem, cancer cell_clone2	18.980726	4.772985
CGACCTTGTGCGGTAA-1	stem, cancer cell_clone2	17.103123	0.0067489264
CGACTTCAGTGGCACA-1	stem, cancer cell_clone2	20.229362	3.3364227
CGACTTCGTCAAGCGA-1	stem, cancer cell_clone2	20.405024	2.8156695
CGACTTCTCAACACTG-1	stem, cancer cell_clone2	17.76479	6.840815
CGAGAAGAGAGTTGGC-1	stem, cancer cell_clone2	19.187878	-1.1301371
CGATGTAAGCAGCCTC-1	stem, cancer cell_clone2	18.009867	1.5584636
CGGACACGTAGCTCCG-1	stem, cancer cell_clone2	18.86586	0.042159583
CGGACTGTCCTCAACC-1	stem, cancer cell_clone2	16.962418	7.0809393
CGGAGTCCACGTCTCT-1	stem, cancer cell_clone2	18.712536	6.091337
CGTAGGCGTAAGGGCT-1	stem, cancer cell_clone2	14.64179	1.0974259
CGTCTACAGTACGCGA-1	stem, cancer cell_clone2	16.8439	7.175045
CTAACTTGTGATGCCC-1	stem, cancer cell_clone2	15.724682	-0.7604392
CTACATTAGCCCAATT-1	stem, cancer cell_clone2	16.842043	4.5631995
CTAGTGAGTAGCGCAA-1	stem, cancer cell_clone2	18.411726	-1.6085683
CTAGTGAGTCAGCTAT-1	stem, cancer cell_clone2	16.168745	-1.1114558
CTAGTGAGTTGCTCCT-1	stem, cancer cell_clone2	17.475582	-0.4067067
CTCATTAAGGGAAACA-1	stem, cancer cell_clone2	16.076866	-2.0420172
CTCGAGGCAGGATCGA-1	stem, cancer cell_clone2	18.544138	4.6232433
CTCGAGGGTCTAGAGG-1	stem, cancer cell_clone2	17.469625	1.1409281
CTCGGGAGTTGTACAC-1	stem, cancer cell_clone2	17.891096	-1.226897
CTCTGGTAGCGCTCCA-1	stem, cancer cell_clone2	15.736079	0.7418598
CTGCGGATCTTGAGAC-1	stem, cancer cell_clone2	16.074692	4.2140417
CTGGTCTCACGCATCG-1	stem, cancer cell_clone2	15.101548	0.15398955
CTGTGCTTCCCTTGCA-1	stem, cancer cell_clone2	15.380506	2.0136564
CTGTTTATCATCGATG-1	stem, cancer cell_clone2	17.017477	2.939023
GAAACTCTCCTCTAGC-1	stem, cancer cell_clone2	18.384932	3.7146277
GAAATGAGTAAAGTCA-1	stem, cancer cell_clone2	18.284674	3.31219
GAAATGAGTAATTGGA-1	stem, cancer cell_clone2	19.614315	-0.7175443
GAACCTACAACGATCT-1	stem, cancer cell_clone2	19.76355	2.4949915
GAAGCAGCAAAGGCGT-1	stem, cancer cell_clone2	17.579987	2.5280519
GAAGCAGTCAACGGGA-1	stem, cancer cell_clone2	16.787863	4.5666056
GACACGCTCACCACCT-1	stem, cancer cell_clone2	18.149315	2.8934336
GACTACAAGTTTGCGT-1	stem, cancer cell_clone2	18.78031	4.344173
GATCGATGTATATGGA-1	stem, cancer cell_clone2	19.589548	3.1836686
GATCGTACACGGTAAG-1	stem, cancer cell_clone2	18.153868	3.3550563
GATGAGGAGATCCTGT-1	stem, cancer cell_clone2	18.004786	6.1458993
GCAAACTCAGCTCGAC-1	stem, cancer cell_clone2	17.062855	2.1612315
GCAAACTTCACCACCT-1	stem, cancer cell_clone2	16.868496	4.3508096
GCAATCATCTAAGCCA-1	stem, cancer cell_clone2	17.102757	0.3422551
GCACATAGTAGCTAAA-1	stem, cancer cell_clone2	19.441528	3.0251677
GCACTCTGTATAGGGC-1	stem, cancer cell_clone2	18.565145	4.136049
GCATGATCAATGAATG-1	stem, cancer cell_clone2	14.171677	1.437334
GCCAAATCAATCGAAA-1	stem, cancer cell_clone2	17.481998	2.030586
GCGCAGTAGTCCCACG-1	stem, cancer cell_clone2	17.21862	6.5927815
GCGCGATCAAGAGGCT-1	stem, cancer cell_clone2	19.763832	3.5819817
GCGCGATGTACCGTAT-1	stem, cancer cell_clone2	15.935134	0.7766317
GCTTCCAGTAGAAAGG-1	stem, cancer cell_clone2	20.675272	2.8220294
GGACAAGTCTCTGAGA-1	stem, cancer cell_clone2	17.728899	4.185216
GGATGTTTCACCGGGT-1	stem, cancer cell_clone2	19.319693	3.1513033
GGCAATTAGGCAGGTT-1	stem, cancer cell_clone2	17.351395	1.3436115
GGCAATTAGTGTACGG-1	stem, cancer cell_clone2	19.486574	2.8167145
GGCCGATTCATGCTCC-1	stem, cancer cell_clone2	18.27891	0.67093796
GGCTCGAAGGTGGGTT-1	stem, cancer cell_clone2	18.72911	0.49968973
GGCTCGACACACTGCG-1	stem, cancer cell_clone2	15.097091	6.581564
GGGATGAGTTGAGTTC-1	stem, cancer cell_clone2	16.961802	-0.3327886
GGGCACTCAGCTCGAC-1	stem, cancer cell_clone2	18.02758	7.0229254
GTGCTTCCACAGCCCA-1	stem, cancer cell_clone2	20.16615	3.4614997
GTGCTTCGTCGGCACT-1	stem, cancer cell_clone2	15.979935	1.5481622
GTTCTCGCAATGGTCT-1	stem, cancer cell_clone2	20.21508	3.6511526
TAAACCGGTAGAAAGG-1	stem, cancer cell_clone2	18.136587	4.782604
TACCTTATCCTCATTA-1	stem, cancer cell_clone2	17.039112	1.1626706
TACGGTACAGTCGATT-1	stem, cancer cell_clone2	15.346246	-2.353193
TACTCATGTCAATGTC-1	stem, cancer cell_clone2	17.079975	6.9207244
TACTTACCATGGAATA-1	stem, cancer cell_clone2	16.517109	-1.7558893
TACTTGTCAGACAGGT-1	stem, cancer cell_clone2	16.525427	3.5666206
TAGAGCTCAGTTCCCT-1	stem, cancer cell_clone2	18.798824	5.4294763
TATTACCTCCGCGTTT-1	stem, cancer cell_clone2	15.536231	3.5549748
TCAACGATCGCGATCG-1	stem, cancer cell_clone2	17.327671	-1.9703339
TCACAAGTCCAGTAGT-1	stem, cancer cell_clone2	17.788027	0.48586926
TCAGGATGTAGCCTCG-1	stem, cancer cell_clone2	17.182852	5.688242
TCGAGGCTCACAGTAC-1	stem, cancer cell_clone2	18.299692	1.691656
TCGCGTTAGACGCTTT-1	stem, cancer cell_clone2	17.990307	-1.7232071
TCGCGTTCAGACAAGC-1	stem, cancer cell_clone2	15.603484	6.68529
TGAAAGACACAGAGGT-1	stem, cancer cell_clone2	17.643887	0.9991452
TGAAAGACAGGAATGC-1	stem, cancer cell_clone2	15.722653	7.363024
TGAGGGAAGTTGTCGT-1	stem, cancer cell_clone2	16.957998	0.14356677
TGCGTGGCATTACCTT-1	stem, cancer cell_clone2	16.553457	2.8743112
TGCTGCTCACTAAGTC-1	stem, cancer cell_clone2	17.797045	0.09531813
TGGACGCCACAGACAG-1	stem, cancer cell_clone2	18.809235	3.1595695
TGGCGCAGTCGCATAT-1	stem, cancer cell_clone2	15.596263	-1.1966964
TGGGCGTTCTGTCCGT-1	stem, cancer cell_clone2	14.607023	2.1576173
TGGTTAGGTCGATTGT-1	stem, cancer cell_clone2	14.446499	1.0809801
TGTATTCGTACCATCA-1	stem, cancer cell_clone2	18.081049	5.2171235
TGTCCCATCGTACGGC-1	stem, cancer cell_clone2	15.612808	4.9593163
TTGGCAAGTCGCGAAA-1	stem, cancer cell_clone2	15.413538	2.2045865
TTGGCAATCCTACAGA-1	stem, cancer cell_clone2	16.76189	-1.7887295
TTTGGTTCAGCTGTAT-1	stem, cancer cell_clone2	15.841233	7.652854
TTTGTCAGTGGGTATG-1	stem, cancer cell_clone2	14.759416	-2.370602
